event_id,deccan_herald,firstpost,hindustan_times,india_today,indian_express,ndtv,news18,the_hindu,the_new_indian_express,the_times_of_india,theprint
EVT_00001,0,0,0,0,0,0,0,0,0,1,0
EVT_00002,0,0,0,0,0,0,0,0,0,1,0
EVT_00003,0,0,0,1,0,0,0,0,0,0,0
EVT_00004,0,0,0,0,1,0,0,0,0,0,0
EVT_00005,0,0,0,0,1,0,0,0,0,0,0
EVT_00006,0,0,0,0,1,0,0,0,0,0,0
EVT_00007,0,0,0,0,0,0,1,0,0,0,0
EVT_00008,0,0,0,0,1,0,0,0,0,0,0
EVT_00009,0,0,0,0,1,0,1,0,0,0,0
EVT_00010,0,0,0,0,1,0,0,0,0,0,0
EVT_00011,0,0,0,0,1,0,0,0,0,0,0
EVT_00012,0,0,0,0,1,0,0,0,0,0,0
EVT_00013,0,0,0,0,1,0,0,0,0,0,0
EVT_00014,0,0,0,0,1,0,0,0,0,0,0
EVT_00015,0,0,0,0,1,0,0,0,0,0,0
EVT_00016,0,0,0,0,1,0,0,0,0,0,0
EVT_00017,0,0,0,0,1,0,0,0,0,0,0
EVT_00018,0,0,0,0,1,0,0,0,0,0,0
EVT_00019,0,0,0,0,1,0,0,0,0,0,0
EVT_00020,0,0,0,0,1,0,0,0,0,0,0
EVT_00021,0,0,0,0,1,0,0,0,0,0,0
EVT_00023,0,0,0,0,1,0,0,0,0,0,0
EVT_00024,0,0,0,0,1,0,0,0,0,0,1
EVT_00025,0,0,0,0,1,0,0,0,0,0,0
EVT_00026,1,0,0,0,0,0,0,0,0,0,0
EVT_00030,0,0,0,0,0,0,1,0,0,0,0
EVT_00031,0,0,0,1,1,1,0,0,0,1,0
EVT_00032,0,0,0,0,0,0,0,0,0,0,1
EVT_00033,0,0,0,0,0,0,0,0,1,0,1
EVT_00034,0,0,0,0,0,0,1,0,0,0,0
EVT_00035,0,0,0,0,0,0,0,0,0,0,1
EVT_00036,0,0,0,0,0,0,1,0,0,0,0
EVT_00038,0,1,0,0,0,0,0,0,0,0,0
EVT_00039,0,0,0,0,0,0,0,0,0,0,1
EVT_00040,1,0,0,0,0,0,0,0,0,0,0
EVT_00041,1,0,0,0,0,0,0,0,0,0,0
EVT_00042,0,0,0,1,1,0,0,0,0,0,0
EVT_00043,0,0,0,0,0,0,1,0,0,0,1
EVT_00044,0,1,0,0,0,0,0,0,0,0,0
EVT_00045,0,0,0,0,0,0,0,1,1,0,1
EVT_00046,0,0,1,0,0,0,1,0,0,0,0
EVT_00047,1,0,0,0,0,0,0,0,0,0,0
EVT_00048,0,0,0,0,0,0,1,0,0,0,0
EVT_00050,0,1,0,0,0,0,0,0,0,0,0
EVT_00051,0,1,1,0,0,0,0,0,0,0,0
EVT_00052,0,1,0,0,0,0,0,0,0,0,0
EVT_00053,0,0,0,0,0,0,0,0,0,0,1
EVT_00054,0,0,1,0,0,0,0,0,0,0,0
EVT_00055,0,1,1,1,0,0,0,0,0,0,0
EVT_00058,0,0,0,0,0,0,0,0,0,0,1
EVT_00060,1,0,1,0,0,0,1,0,0,0,0
EVT_00061,0,0,1,0,0,0,0,0,0,0,0
EVT_00062,0,1,1,0,0,0,0,0,0,1,0
EVT_00063,0,1,0,1,0,0,0,0,0,0,0
EVT_00064,0,0,1,0,1,0,1,0,0,0,0
EVT_00065,0,0,1,1,0,0,1,0,0,0,0
EVT_00066,0,0,0,0,0,0,0,1,0,1,0
EVT_00067,0,0,1,1,1,0,1,0,0,0,0
EVT_00068,0,0,0,0,0,0,0,0,1,1,0
EVT_00070,0,0,0,0,0,1,0,0,0,0,0
EVT_00071,0,0,0,0,0,0,0,1,0,0,0
EVT_00072,0,0,0,1,0,0,0,0,0,0,0
EVT_00073,0,0,0,0,0,1,0,1,1,0,1
EVT_00074,0,0,0,0,0,1,0,0,0,0,0
EVT_00075,0,0,0,0,0,0,0,0,1,0,0
EVT_00076,0,0,0,0,0,0,0,0,0,1,0
EVT_00077,0,0,1,0,0,0,0,0,0,0,0
EVT_00078,0,0,0,0,0,0,0,0,0,1,0
EVT_00079,0,0,1,0,0,0,0,0,0,0,0
EVT_00080,0,0,0,0,0,1,0,0,0,0,0
EVT_00081,0,0,0,0,0,0,0,1,0,0,0
EVT_00082,0,0,0,0,0,0,0,0,0,1,0
EVT_00083,0,0,0,0,0,0,0,1,0,0,0
EVT_00084,0,0,0,0,0,0,0,1,0,0,0
EVT_00085,0,0,0,0,0,0,0,1,0,0,0
EVT_00086,0,1,0,0,0,0,0,0,0,0,0
EVT_00087,0,0,0,1,0,1,0,0,0,0,0
EVT_00088,0,0,1,1,0,1,0,0,0,0,0
EVT_00090,0,0,0,0,0,0,0,1,0,0,0
EVT_00091,1,0,0,0,0,0,0,0,0,0,0
EVT_00092,0,1,0,0,0,0,0,0,0,0,0
EVT_00093,0,0,0,0,0,0,0,0,0,1,0
EVT_00094,0,0,0,0,0,0,0,0,1,0,0
EVT_00095,0,0,0,0,0,1,0,0,0,0,0
EVT_00096,0,0,0,0,0,0,0,1,0,0,0
EVT_00097,0,0,1,0,0,0,0,0,0,0,0
EVT_00098,0,0,0,0,0,1,0,0,0,0,0
EVT_00099,0,0,1,0,0,0,0,0,0,0,0
EVT_00100,0,0,0,0,0,1,0,0,0,0,0
EVT_00101,0,0,1,0,0,0,0,0,0,0,0
EVT_00102,0,0,0,0,0,1,0,0,0,0,0
EVT_00103,0,0,0,0,0,0,0,1,1,0,0
EVT_00104,0,0,1,0,0,0,0,0,0,0,0
EVT_00105,0,0,1,0,0,0,0,0,0,0,0
EVT_00106,0,0,0,1,0,0,0,0,0,0,0
EVT_00107,0,0,0,0,0,0,0,0,0,1,0
EVT_00108,0,0,1,0,0,0,0,0,0,0,0
EVT_00109,0,0,0,0,0,0,0,0,0,1,0
EVT_00110,0,0,1,1,0,0,0,0,0,0,0
EVT_00112,0,0,0,0,0,1,0,1,0,0,0
EVT_00113,0,0,0,0,0,0,0,1,0,0,0
EVT_00114,0,0,0,0,0,0,0,0,1,0,0
EVT_00115,0,0,0,0,0,1,0,0,0,0,0
EVT_00116,0,0,0,0,0,1,0,0,0,0,0
EVT_00117,0,0,1,0,0,0,0,0,0,0,0
EVT_00118,0,0,0,0,0,0,1,0,0,0,0
EVT_00119,0,0,0,1,0,0,0,0,0,0,0
EVT_00120,0,0,0,0,0,1,0,0,0,0,0
EVT_00121,0,0,1,0,0,0,0,0,0,0,0
EVT_00122,0,0,0,0,0,1,0,0,0,1,0
EVT_00123,0,0,0,0,0,0,0,1,0,0,0
EVT_00124,0,0,0,0,0,0,0,1,0,0,0
EVT_00125,0,0,0,1,0,0,0,0,0,0,0
EVT_00126,0,0,0,0,0,1,0,0,0,0,0
EVT_00127,0,0,0,0,0,0,0,0,0,1,0
EVT_00128,0,0,0,0,0,0,0,1,0,0,0
EVT_00129,0,0,0,0,0,0,0,1,0,0,0
EVT_00130,0,0,0,0,0,0,0,1,0,0,0
EVT_00131,0,0,0,0,0,0,0,1,0,0,0
EVT_00132,1,0,0,0,0,0,0,0,0,0,0
EVT_00133,0,0,0,0,0,0,0,1,0,0,0
EVT_00134,0,0,0,1,0,0,0,0,0,0,0
EVT_00137,0,1,0,0,0,0,0,0,0,0,0
EVT_00138,0,0,0,0,0,0,0,0,0,1,0
EVT_00139,0,0,0,1,0,0,0,0,0,0,0
EVT_00140,0,0,0,0,0,0,0,0,0,0,1
EVT_00142,0,0,0,0,0,0,0,0,0,1,0
EVT_00144,0,1,0,0,0,0,0,0,0,0,0
EVT_00145,0,0,0,0,0,0,0,0,0,1,0
EVT_00149,0,0,0,0,0,0,0,0,0,0,1
EVT_00151,0,0,0,0,0,0,0,0,0,0,1
EVT_00152,0,0,0,0,0,0,0,0,0,0,1
EVT_00153,0,0,0,0,0,0,0,0,0,1,0
EVT_00154,0,0,0,0,0,0,0,0,0,1,0
EVT_00155,0,0,0,0,0,0,0,0,0,0,1
EVT_00156,0,0,0,0,0,0,0,0,0,1,0
EVT_00157,0,0,0,0,0,0,0,0,0,1,0
EVT_00160,0,0,0,0,0,0,0,0,0,0,1
EVT_00161,0,0,0,0,0,0,0,0,0,1,0
EVT_00163,0,1,0,0,0,0,0,0,0,0,0
EVT_00164,0,0,0,0,0,0,0,0,0,1,0
EVT_00171,0,0,0,0,0,0,1,0,0,0,0
EVT_00172,0,0,0,0,0,0,1,0,0,0,0
EVT_00173,0,0,0,0,0,0,1,0,0,0,0
EVT_00175,0,1,0,0,0,0,0,0,0,0,0
EVT_00185,0,0,0,0,1,0,0,0,0,0,0
EVT_00186,0,0,0,0,1,0,0,0,0,0,0
EVT_00187,0,0,0,0,0,0,0,0,0,0,1
EVT_00188,0,0,0,0,1,0,0,0,0,0,0
EVT_00189,0,0,0,0,1,0,0,0,0,0,0
EVT_00190,0,0,0,0,1,0,0,0,0,0,0
EVT_00191,0,0,0,0,1,0,0,0,0,0,0
EVT_00192,0,0,0,0,1,0,0,0,0,0,0
EVT_00193,0,0,0,0,1,0,0,0,0,0,0
EVT_00194,0,0,0,0,1,0,0,0,0,0,0
EVT_00195,0,0,0,0,1,0,0,0,0,0,0
EVT_00196,0,0,0,0,1,0,0,0,0,0,0
EVT_00197,0,0,0,0,1,0,0,0,0,0,0
EVT_00198,0,0,0,0,1,0,0,0,0,0,0
EVT_00199,0,0,0,0,1,0,0,0,0,0,0
EVT_00200,0,0,0,0,1,0,0,0,0,0,0
EVT_00201,0,0,0,0,1,0,0,0,0,0,0
EVT_00202,0,0,0,0,1,0,0,0,0,0,0
EVT_00203,0,0,0,0,1,0,0,0,0,0,0
EVT_00204,0,0,0,0,0,0,0,0,0,0,1
EVT_00205,0,0,0,0,0,0,0,0,0,0,1
EVT_00206,0,0,0,0,1,0,0,0,0,0,0
EVT_00207,0,0,0,0,0,0,0,0,0,0,1
EVT_00208,0,0,0,0,1,0,0,0,0,0,1
EVT_00209,0,0,0,0,1,0,0,0,0,0,0
EVT_00210,0,0,0,0,1,0,0,0,0,0,0
EVT_00211,0,0,1,0,0,0,0,0,0,1,1
EVT_00212,0,0,0,0,1,0,0,0,0,0,0
EVT_00213,0,0,1,0,1,0,0,0,0,0,0
EVT_00214,0,0,0,0,1,0,0,0,0,0,0
EVT_00215,0,0,0,0,0,0,0,0,0,0,1
EVT_00216,0,0,0,0,0,0,0,0,0,0,1
EVT_00217,0,0,0,0,1,0,0,0,0,0,0
EVT_00218,0,0,0,0,0,0,0,0,0,0,1
EVT_00219,0,0,0,0,0,0,0,0,0,0,1
EVT_00220,1,0,0,0,0,0,0,0,0,0,0
EVT_00221,0,0,0,0,1,0,0,0,0,0,0
EVT_00222,0,0,0,0,1,0,0,0,0,0,0
EVT_00223,0,0,0,0,1,0,0,0,0,0,0
EVT_00224,0,0,0,0,1,0,0,0,0,0,0
EVT_00225,0,0,0,0,1,0,0,0,0,0,0
EVT_00226,0,0,0,0,0,0,0,0,0,0,1
EVT_00227,0,0,1,0,0,0,0,0,0,0,0
EVT_00228,1,0,0,0,0,0,0,0,0,0,0
EVT_00229,0,0,0,0,1,0,0,0,0,0,0
EVT_00230,0,0,1,0,0,0,0,0,0,0,0
EVT_00231,0,0,1,0,0,0,0,0,0,0,0
EVT_00232,0,0,0,0,1,0,0,0,0,0,0
EVT_00233,0,0,0,0,0,0,0,0,0,1,0
EVT_00234,0,0,1,0,0,0,0,0,0,0,0
EVT_00235,0,0,0,0,1,0,0,0,0,0,0
EVT_00236,0,1,0,0,0,0,0,0,0,0,0
EVT_00237,0,0,0,0,0,0,0,0,0,1,0
EVT_00238,0,1,1,0,0,0,0,0,0,1,0
EVT_00239,0,0,0,0,0,0,0,0,0,1,0
EVT_00241,0,0,1,0,0,0,0,0,0,0,0
EVT_00242,0,1,1,0,0,0,0,0,0,1,0
EVT_00243,0,0,0,0,1,0,0,0,0,0,0
EVT_00244,0,1,0,1,0,0,0,0,0,0,0
EVT_00245,0,0,1,0,0,0,0,1,0,0,0
EVT_00246,0,0,1,0,0,0,0,0,0,0,0
EVT_00248,0,1,0,0,0,0,0,0,0,0,0
EVT_00249,0,0,0,0,0,0,0,0,0,1,0
EVT_00250,0,0,1,0,0,0,0,0,0,0,0
EVT_00251,0,0,1,0,0,0,0,1,0,0,0
EVT_00252,0,0,0,1,0,0,0,0,0,1,0
EVT_00253,0,0,1,0,0,0,0,0,0,0,0
EVT_00254,0,0,1,0,0,0,0,0,0,0,0
EVT_00255,0,0,0,0,0,0,0,0,0,1,0
EVT_00256,0,0,1,0,0,0,0,0,0,0,0
EVT_00257,0,0,1,0,0,0,0,0,0,1,0
EVT_00258,0,0,1,0,0,0,0,0,0,0,0
EVT_00259,0,0,1,0,0,0,0,0,0,0,0
EVT_00260,0,0,1,0,0,0,0,0,0,0,0
EVT_00261,0,0,0,0,0,0,0,0,0,1,0
EVT_00262,0,0,1,0,0,0,0,0,0,0,0
EVT_00263,0,0,1,0,0,0,0,0,0,0,0
EVT_00264,0,1,0,0,0,0,0,0,0,0,0
EVT_00265,0,0,1,0,0,0,0,0,0,0,0
EVT_00266,0,0,1,0,0,0,0,0,0,0,0
EVT_00267,0,0,1,0,0,0,0,0,0,0,0
EVT_00268,0,0,1,0,0,0,0,0,0,0,0
EVT_00269,0,0,0,0,0,0,0,0,0,1,0
EVT_00270,0,0,1,0,0,0,0,0,0,0,0
EVT_00271,0,0,0,0,0,0,0,0,0,1,0
EVT_00272,0,1,1,0,0,0,0,0,0,0,0
EVT_00273,0,0,0,0,0,0,0,0,0,1,0
EVT_00274,0,0,1,0,0,0,0,0,0,1,0
EVT_00275,0,0,1,0,0,0,0,0,0,0,0
EVT_00277,0,0,1,0,0,0,0,0,0,0,0
EVT_00278,0,0,1,0,0,0,0,0,0,0,0
EVT_00279,0,0,1,0,0,0,0,0,0,0,0
EVT_00280,0,0,1,0,0,0,0,0,0,0,0
EVT_00281,0,0,1,0,0,0,0,0,0,0,0
EVT_00283,0,0,1,0,0,0,0,0,0,0,0
EVT_00284,0,0,0,0,0,0,0,0,0,0,1
EVT_00285,0,0,1,0,0,0,0,0,0,0,0
EVT_00286,0,0,0,0,0,0,0,0,0,1,0
EVT_00287,0,0,0,0,0,0,0,0,0,1,0
EVT_00288,0,0,1,0,0,0,0,0,0,1,0
EVT_00289,0,0,1,0,0,0,0,0,0,0,0
EVT_00290,0,0,0,0,0,0,0,0,0,1,0
EVT_00291,0,0,1,0,0,0,0,0,0,0,0
EVT_00292,0,0,1,0,0,0,0,0,0,0,0
EVT_00293,0,0,1,0,0,0,0,0,0,0,0
EVT_00294,0,0,1,0,0,0,0,0,0,0,0
EVT_00295,0,0,0,0,0,0,0,0,0,1,0
EVT_00296,0,0,0,0,0,0,0,0,0,1,0
EVT_00297,0,0,1,0,0,0,0,0,0,0,0
EVT_00298,0,0,0,0,0,0,0,0,0,1,0
EVT_00299,0,0,0,0,0,0,0,1,0,0,0
EVT_00300,0,0,1,0,0,0,0,0,0,0,0
EVT_00301,0,0,0,0,0,0,0,0,0,1,0
EVT_00302,0,0,0,0,0,0,0,0,0,1,0
EVT_00303,0,0,1,0,0,0,0,0,0,0,0
EVT_00304,0,0,1,0,0,0,0,0,0,0,0
EVT_00306,0,0,1,0,0,0,0,0,0,1,0
EVT_00307,0,0,0,0,0,0,0,0,0,1,0
EVT_00308,0,1,0,0,0,0,0,0,0,1,0
EVT_00309,0,0,0,0,0,0,0,1,0,0,0
EVT_00310,0,0,0,1,0,0,0,0,0,0,0
EVT_00311,0,0,0,0,0,0,0,1,0,0,0
EVT_00312,0,0,1,0,0,0,0,0,0,0,0
EVT_00313,0,0,1,0,0,0,0,0,0,0,0
EVT_00314,0,0,0,0,0,0,0,0,0,1,0
EVT_00315,0,0,0,0,0,0,0,1,0,0,0
EVT_00316,0,0,0,0,0,0,0,1,0,0,0
EVT_00317,0,0,1,0,0,0,0,0,0,0,0
EVT_00318,0,0,0,0,0,0,0,1,0,0,0
EVT_00319,0,0,0,0,0,0,0,1,0,0,0
EVT_00321,0,0,1,0,0,0,0,0,0,0,0
EVT_00322,0,0,0,0,1,0,0,0,0,0,0
EVT_00323,0,0,1,0,0,0,0,0,0,0,0
EVT_00324,0,0,0,0,0,0,0,1,0,0,0
EVT_00325,0,0,1,0,0,0,0,0,0,1,0
EVT_00326,0,0,1,0,0,0,0,0,0,0,0
EVT_00327,0,0,0,1,0,0,0,1,0,0,0
EVT_00328,0,0,1,0,0,0,0,0,0,0,0
EVT_00329,0,0,0,0,0,0,0,1,0,0,0
EVT_00330,0,0,1,0,0,0,0,0,0,0,0
EVT_00333,0,0,0,0,0,0,0,0,0,1,0
EVT_00334,0,0,1,0,0,0,0,1,0,1,0
EVT_00335,0,0,1,0,0,0,0,1,0,1,0
EVT_00336,0,0,1,0,0,0,0,0,0,0,0
EVT_00337,0,0,0,0,0,0,0,1,0,0,0
EVT_00338,0,0,0,0,0,0,0,0,0,1,0
EVT_00339,0,0,0,0,0,0,0,0,0,1,0
EVT_00340,0,0,0,0,0,0,0,1,0,0,0
EVT_00341,0,0,0,0,0,0,0,1,0,0,0
EVT_00342,0,0,0,0,0,0,0,1,0,0,0
EVT_00343,0,0,0,0,0,0,0,0,0,1,0
EVT_00344,0,0,0,0,1,0,0,0,0,0,0
EVT_00345,0,0,0,1,0,0,0,0,0,0,0
EVT_00346,0,0,0,1,0,0,0,0,0,0,0
EVT_00347,0,0,0,1,0,0,0,1,0,0,0
EVT_00348,0,0,0,0,0,0,0,0,0,1,0
EVT_00350,0,0,1,0,0,0,0,0,0,0,0
EVT_00351,0,0,0,0,0,0,0,1,0,0,0
EVT_00352,0,0,1,0,0,0,0,0,0,0,0
EVT_00353,0,0,1,0,0,0,0,0,0,0,0
EVT_00355,0,0,1,0,0,0,0,0,0,0,0
EVT_00356,0,0,1,0,0,0,0,0,0,0,0
EVT_00357,0,0,1,0,0,0,0,0,0,0,0
EVT_00358,0,0,0,0,0,0,0,1,0,0,0
EVT_00359,0,0,1,0,0,0,0,0,0,0,0
EVT_00360,0,0,0,0,0,0,0,1,0,0,0
EVT_00361,0,0,0,1,0,0,0,0,0,0,0
EVT_00362,0,0,0,0,0,0,0,0,0,1,0
EVT_00363,0,0,0,0,0,0,0,1,0,0,0
EVT_00364,0,0,0,1,0,0,0,0,0,0,0
EVT_00365,0,0,1,0,0,0,0,0,0,0,0
EVT_00366,0,0,1,0,0,0,0,0,0,0,0
EVT_00367,0,0,0,1,0,0,0,0,0,0,0
EVT_00368,0,0,0,0,0,0,0,1,0,0,0
EVT_00369,0,0,1,0,0,0,0,0,0,0,0
EVT_00370,0,0,1,0,0,0,0,0,0,0,0
EVT_00371,0,0,0,1,0,0,0,0,0,0,0
EVT_00372,0,0,0,1,0,0,0,0,0,0,0
EVT_00373,0,0,0,0,1,0,0,0,0,0,0
EVT_00374,0,1,0,0,0,0,0,0,0,0,0
EVT_00375,0,1,0,0,0,0,0,0,0,0,0
EVT_00376,0,0,1,0,0,0,0,0,0,0,0
EVT_00377,0,0,1,0,0,0,0,0,0,0,0
EVT_00378,0,0,0,0,0,0,0,1,0,0,0
EVT_00379,0,0,0,0,0,0,0,1,0,0,0
EVT_00380,0,0,0,0,0,0,0,1,0,0,0
EVT_00382,0,0,1,0,0,0,0,0,0,0,0
EVT_00383,0,0,1,0,0,0,0,0,0,0,0
EVT_00384,0,0,0,0,0,0,0,1,0,0,0
EVT_00385,0,0,0,0,0,0,0,0,0,1,0
EVT_00386,0,0,1,0,0,0,0,0,0,0,0
EVT_00387,0,0,0,0,0,0,0,1,0,0,0
EVT_00388,1,0,0,0,0,0,0,0,0,0,0
EVT_00389,0,0,0,1,0,0,0,0,0,0,0
EVT_00390,0,1,0,0,0,0,0,0,0,0,0
EVT_00392,0,0,0,0,0,0,0,1,0,0,0
EVT_00393,0,0,0,0,0,0,0,1,0,0,0
EVT_00394,0,0,0,0,0,0,0,1,0,0,0
EVT_00395,0,0,0,0,0,0,0,0,0,1,0
EVT_00396,0,0,0,0,0,0,0,1,0,0,0
EVT_00397,0,0,0,1,0,0,0,0,0,0,0
EVT_00398,0,0,0,0,0,0,0,0,0,1,0
EVT_00399,0,0,0,0,0,0,0,1,0,0,0
EVT_00400,0,0,1,0,0,0,0,0,0,0,0
EVT_00401,0,0,0,1,0,0,0,0,0,0,0
EVT_00402,0,0,0,0,0,0,0,1,0,0,0
EVT_00403,0,0,0,0,0,0,0,1,0,0,0
EVT_00404,0,0,1,0,0,0,0,0,0,0,0
EVT_00405,0,0,1,0,0,0,0,0,0,0,0
EVT_00406,0,0,0,0,0,0,0,0,0,1,0
EVT_00407,0,0,1,0,0,0,0,0,0,0,0
EVT_00408,0,0,0,0,0,0,0,1,0,0,0
EVT_00409,0,0,0,0,0,0,0,1,0,0,0
EVT_00410,0,0,0,0,0,0,0,1,0,0,0
EVT_00411,0,0,0,0,0,0,0,1,0,0,0
EVT_00412,0,0,0,0,0,0,0,0,0,1,0
EVT_00413,0,0,0,0,0,0,0,1,0,0,0
EVT_00414,0,0,1,0,0,0,0,0,0,0,0
EVT_00415,0,0,1,0,0,0,0,0,0,0,0
EVT_00416,0,0,1,0,0,0,0,0,0,0,0
EVT_00417,1,0,0,0,0,0,0,0,0,0,0
EVT_00418,0,0,0,1,0,0,0,0,0,0,0
EVT_00419,0,0,1,0,0,0,0,0,0,0,0
EVT_00420,0,0,0,0,0,0,0,0,0,1,0
EVT_00421,0,0,0,0,0,0,0,0,0,1,0
EVT_00422,0,0,1,0,0,0,0,0,0,0,0
EVT_00423,0,0,0,0,0,0,0,0,0,1,0
EVT_00424,0,0,0,0,0,0,0,0,0,1,0
EVT_00425,0,0,0,1,0,0,0,0,0,0,0
EVT_00426,0,0,1,0,0,0,0,0,0,0,0
EVT_00427,0,0,1,0,0,0,0,0,0,0,0
EVT_00428,0,0,0,1,0,0,0,0,0,0,0
EVT_00429,0,0,0,0,0,0,0,0,0,1,0
EVT_00431,0,0,0,1,0,0,0,0,0,0,0
EVT_00432,0,0,0,1,0,0,0,0,0,0,0
EVT_00434,0,0,1,0,0,0,0,0,0,0,0
EVT_00435,0,0,1,0,0,0,0,0,0,0,0
EVT_00436,0,0,0,0,0,0,0,0,0,1,0
EVT_00437,0,0,0,0,0,0,0,1,0,0,0
EVT_00438,0,0,0,0,0,0,0,1,0,0,0
EVT_00440,0,0,0,0,0,0,0,0,0,1,0
EVT_00441,0,0,1,0,0,0,0,0,0,0,0
EVT_00442,0,0,0,0,0,0,0,1,0,0,0
EVT_00443,0,0,0,0,0,0,0,1,0,0,0
EVT_00444,0,0,0,1,0,0,0,0,0,0,0
EVT_00445,0,0,0,0,0,0,0,1,0,0,0
EVT_00446,0,0,0,0,0,0,0,1,0,0,0
EVT_00448,0,0,1,0,0,0,0,0,0,0,0
EVT_00449,0,0,1,0,0,0,0,0,0,0,0
EVT_00451,0,0,1,0,0,0,0,0,0,0,0
EVT_00452,0,0,1,0,0,0,0,0,0,0,0
EVT_00453,0,0,0,0,1,0,0,0,0,0,0
EVT_00454,0,0,0,0,1,0,0,0,0,0,0
EVT_00455,0,0,0,0,0,0,0,1,0,0,0
EVT_00456,0,0,0,0,1,0,0,0,0,0,0
EVT_00457,0,0,0,0,1,0,0,0,0,0,0
EVT_00458,0,0,0,0,0,0,0,1,0,0,0
EVT_00459,0,0,0,0,1,0,0,0,0,0,0
EVT_00460,0,0,0,0,1,0,0,0,0,0,0
EVT_00461,0,0,0,0,1,0,0,0,0,0,0
EVT_00463,0,0,0,0,1,0,0,0,0,0,0
EVT_00464,0,0,0,0,1,0,0,0,0,0,0
EVT_00465,0,0,0,0,0,0,0,1,0,0,0
EVT_00466,0,0,0,0,0,0,0,0,0,0,1
EVT_00467,0,0,0,0,1,0,0,0,0,0,0
EVT_00468,0,0,0,0,1,0,0,0,0,0,0
EVT_00469,0,0,0,0,1,0,0,0,0,0,0
EVT_00470,0,0,0,0,1,0,0,0,0,0,0
EVT_00471,0,0,0,0,1,0,0,0,0,0,0
EVT_00472,0,0,0,0,1,0,0,0,0,0,0
EVT_00473,0,0,0,0,1,0,0,0,0,0,0
EVT_00474,0,0,0,0,1,0,0,0,0,0,0
EVT_00475,0,0,0,0,0,0,0,1,0,0,0
EVT_00476,0,0,0,0,0,0,0,0,0,0,1
EVT_00477,0,0,0,0,1,0,0,0,0,0,0
EVT_00478,0,0,0,0,0,0,0,0,0,0,1
EVT_00479,0,0,0,0,1,0,0,0,0,0,0
EVT_00480,0,0,0,0,1,0,0,0,0,0,0
EVT_00481,0,0,0,0,1,0,0,0,0,0,0
EVT_00482,0,0,0,0,0,0,0,0,0,0,1
EVT_00483,0,0,0,0,0,0,0,0,0,0,1
EVT_00484,0,0,0,0,0,0,0,1,0,0,0
EVT_00485,0,0,0,0,0,0,0,1,0,0,0
EVT_00486,0,0,0,0,1,0,0,0,0,0,0
EVT_00487,0,0,0,0,1,0,0,0,0,0,0
EVT_00488,0,0,0,0,1,0,0,0,0,0,0
EVT_00489,0,0,0,0,1,0,0,0,0,0,0
EVT_00490,0,0,0,0,0,0,0,1,0,0,0
EVT_00491,0,0,0,0,0,0,0,0,0,1,0
EVT_00492,1,0,0,0,0,0,0,0,0,0,0
EVT_00493,0,0,0,0,1,0,0,1,0,0,0
EVT_00494,0,0,0,0,1,0,0,0,0,0,0
EVT_00495,0,0,0,0,0,0,0,1,0,0,0
EVT_00496,1,0,0,0,0,0,0,0,0,1,0
EVT_00497,0,0,0,0,0,0,0,0,0,0,1
EVT_00498,0,0,0,0,0,0,0,0,0,0,1
EVT_00499,0,0,0,0,1,0,0,0,0,0,0
EVT_00500,0,0,1,0,0,0,0,0,0,0,1
EVT_00501,0,0,0,0,0,0,0,0,0,1,0
EVT_00502,0,0,0,0,0,0,0,0,0,1,0
EVT_00503,0,0,1,0,0,0,0,0,0,0,0
EVT_00504,0,0,1,0,0,0,0,1,0,1,0
EVT_00505,0,0,0,0,0,0,0,0,0,1,0
EVT_00506,0,0,1,0,0,0,0,0,0,1,0
EVT_00507,0,0,1,0,0,0,0,0,0,0,0
EVT_00508,0,0,0,0,0,0,0,1,0,0,0
EVT_00509,0,0,0,0,1,0,0,0,0,0,0
EVT_00510,0,0,0,0,0,0,0,1,0,0,0
EVT_00511,0,0,1,0,0,0,0,0,0,0,0
EVT_00512,0,0,1,0,0,0,0,0,0,0,0
EVT_00513,0,0,1,0,0,0,0,0,0,0,0
EVT_00514,0,0,1,0,0,0,0,0,0,0,0
EVT_00515,0,0,0,0,0,0,0,1,0,0,0
EVT_00516,0,0,1,0,0,0,0,0,0,1,0
EVT_00517,0,0,1,0,0,0,0,0,0,0,0
EVT_00518,0,0,0,0,0,0,0,0,0,1,0
EVT_00519,0,0,1,0,0,0,0,0,0,0,0
EVT_00520,0,0,0,0,0,0,0,0,0,1,0
EVT_00521,0,0,0,0,0,0,0,1,0,0,0
EVT_00522,0,0,0,0,0,0,0,0,0,1,0
EVT_00523,0,0,0,0,0,0,0,0,0,1,0
EVT_00524,0,0,1,0,0,0,0,0,0,0,0
EVT_00525,0,0,1,0,0,0,0,0,0,0,0
EVT_00526,0,0,1,0,0,0,0,0,0,0,0
EVT_00527,0,0,0,0,0,0,0,0,0,1,0
EVT_00528,0,0,1,0,0,0,0,0,0,0,0
EVT_00529,0,0,0,0,0,0,0,0,0,1,0
EVT_00530,0,0,1,0,0,0,0,0,0,0,0
EVT_00531,0,0,0,0,0,0,0,1,0,0,0
EVT_00532,0,0,0,0,0,0,0,0,0,1,0
EVT_00533,0,0,0,0,0,0,0,0,0,1,0
EVT_00534,0,0,0,0,0,0,0,1,0,1,1
EVT_00535,0,0,1,0,0,0,0,0,0,0,0
EVT_00536,0,0,1,0,0,0,0,0,0,0,0
EVT_00537,0,0,1,0,0,0,0,0,0,0,0
EVT_00538,0,0,1,0,0,0,0,0,0,0,0
EVT_00539,0,0,0,0,0,0,0,0,0,1,0
EVT_00540,0,0,0,0,0,0,0,0,0,1,0
EVT_00541,0,0,0,0,1,0,0,0,0,0,0
EVT_00542,0,0,1,0,0,0,0,0,0,0,0
EVT_00543,0,0,1,0,0,0,0,0,0,1,0
EVT_00544,0,0,1,0,0,0,0,0,0,0,0
EVT_00545,0,0,0,0,0,0,0,1,0,0,0
EVT_00546,0,0,1,0,0,0,0,0,0,0,0
EVT_00547,0,0,1,0,0,0,0,0,0,0,0
EVT_00548,0,0,0,0,0,0,0,1,0,0,0
EVT_00549,0,0,1,0,0,0,0,0,0,0,0
EVT_00550,0,0,0,0,1,0,0,0,0,0,0
EVT_00551,0,0,1,0,0,0,0,0,0,0,0
EVT_00552,0,0,1,0,0,0,0,0,0,0,0
EVT_00553,0,0,1,0,0,0,0,0,0,0,0
EVT_00554,0,0,0,0,0,0,0,0,0,1,0
EVT_00555,0,0,1,0,0,0,0,0,0,0,0
EVT_00556,0,0,1,0,0,0,0,0,0,0,0
EVT_00557,0,0,1,0,0,0,0,0,0,0,0
EVT_00558,0,0,1,0,0,0,0,0,0,0,0
EVT_00559,0,0,1,0,0,0,0,0,0,0,0
EVT_00560,0,0,1,0,0,0,0,0,0,0,0
EVT_00561,0,0,1,1,0,0,0,0,0,1,0
EVT_00562,0,0,0,0,0,0,0,0,0,0,1
EVT_00563,0,0,1,0,0,0,0,0,0,0,0
EVT_00564,0,0,1,0,0,0,0,0,0,0,0
EVT_00565,0,0,1,0,0,0,0,0,0,0,0
EVT_00566,0,0,0,0,0,0,0,1,0,0,0
EVT_00567,0,0,1,0,0,0,0,0,0,0,0
EVT_00568,0,0,1,0,0,0,0,0,0,0,0
EVT_00569,0,0,1,0,0,0,0,0,0,0,0
EVT_00570,0,0,1,0,0,0,0,0,0,0,0
EVT_00571,0,0,0,0,0,0,0,0,0,1,0
EVT_00572,0,0,1,0,0,0,0,0,0,0,0
EVT_00573,0,0,1,0,0,0,0,0,0,0,0
EVT_00574,0,0,1,0,0,0,0,0,0,0,0
EVT_00575,0,0,1,0,0,0,0,0,0,0,0
EVT_00576,0,0,0,0,0,0,0,0,0,1,0
EVT_00578,0,0,0,0,0,0,0,0,0,0,1
EVT_00579,0,0,0,0,0,0,0,0,0,1,0
EVT_00580,0,0,1,0,0,0,0,0,0,0,0
EVT_00581,0,0,0,0,0,0,0,0,0,1,0
EVT_00582,0,0,1,0,0,0,0,0,0,0,0
EVT_00583,0,0,1,0,0,0,0,0,0,0,0
EVT_00584,0,0,1,0,0,0,0,0,0,0,0
EVT_00585,0,0,1,0,0,0,0,0,0,0,0
EVT_00586,0,0,1,0,0,0,0,0,0,0,0
EVT_00587,0,0,1,0,0,0,0,0,0,0,0
EVT_00588,0,0,0,0,0,0,0,1,0,0,0
EVT_00589,0,0,0,0,1,0,0,0,0,0,0
EVT_00590,0,0,1,0,0,0,0,0,0,0,0
EVT_00591,0,0,0,0,0,0,0,0,0,1,0
EVT_00592,0,0,0,0,0,0,0,0,0,1,0
EVT_00593,0,0,0,0,0,0,0,0,0,1,0
EVT_00594,0,0,0,0,0,0,0,1,0,0,0
EVT_00595,0,0,0,1,0,0,0,0,0,0,0
EVT_00596,0,0,0,0,0,0,0,1,0,0,0
EVT_00597,1,0,0,0,0,0,0,0,0,0,0
EVT_00598,0,0,0,0,0,0,0,1,0,0,0
EVT_00599,0,0,1,1,0,0,0,0,0,0,0
EVT_00600,0,0,0,1,0,0,0,0,0,0,0
EVT_00601,0,0,1,0,0,0,0,1,0,0,0
EVT_00602,0,0,0,1,0,0,0,0,0,0,0
EVT_00603,0,0,1,0,0,0,0,0,0,0,0
EVT_00604,0,0,1,0,0,0,0,0,0,0,0
EVT_00605,0,0,0,0,0,0,0,1,0,0,0
EVT_00606,0,0,0,0,0,0,0,1,0,0,0
EVT_00607,0,0,0,0,0,0,0,1,0,0,0
EVT_00608,0,0,0,0,0,0,0,0,0,1,0
EVT_00609,0,0,0,1,0,0,0,0,0,0,0
EVT_00610,0,0,1,0,0,0,0,0,0,0,0
EVT_00611,0,0,0,0,0,0,0,1,0,0,0
EVT_00612,0,0,0,0,0,0,0,0,0,1,0
EVT_00613,0,0,1,0,0,0,0,0,0,0,0
EVT_00614,0,0,0,1,0,0,0,0,0,0,0
EVT_00615,0,0,0,1,0,0,0,0,0,0,0
EVT_00616,0,0,0,0,0,0,0,1,0,0,0
EVT_00617,0,0,0,1,0,0,0,0,0,0,0
EVT_00618,0,0,0,0,0,0,0,0,0,1,0
EVT_00619,0,0,0,0,0,0,0,0,0,1,0
EVT_00620,0,0,0,0,1,0,0,0,0,0,0
EVT_00621,0,0,0,0,0,0,0,1,0,0,0
EVT_00622,0,0,0,0,0,0,0,1,0,0,0
EVT_00623,0,0,0,0,0,0,0,1,0,0,0
EVT_00624,0,0,1,1,0,0,0,0,0,0,0
EVT_00625,0,0,1,0,0,0,0,0,0,0,0
EVT_00626,0,0,0,0,0,0,0,1,0,0,0
EVT_00627,0,0,1,0,0,0,0,0,0,0,0
EVT_00628,0,0,1,1,0,0,0,1,0,1,0
EVT_00629,0,0,0,1,0,0,0,0,0,0,0
EVT_00630,1,0,0,0,0,0,0,0,0,0,0
EVT_00631,0,0,0,1,0,0,0,0,0,0,0
EVT_00632,1,0,1,1,0,0,0,0,0,0,0
EVT_00633,0,0,1,0,0,0,0,0,0,0,0
EVT_00634,0,0,1,1,0,0,0,0,0,0,0
EVT_00635,0,0,0,0,0,0,0,1,0,0,0
EVT_00636,0,0,0,0,0,0,0,1,0,0,0
EVT_00637,0,0,0,0,1,0,0,0,0,0,0
EVT_00638,1,0,0,0,0,0,0,0,0,0,0
EVT_00639,0,0,0,1,0,0,0,0,0,0,0
EVT_00640,0,0,0,0,0,0,0,1,0,0,0
EVT_00641,0,0,0,0,0,0,0,0,0,1,0
EVT_00642,0,0,1,0,0,0,0,0,0,0,0
EVT_00643,0,0,0,0,0,0,0,1,0,0,0
EVT_00644,0,0,0,0,0,0,0,1,0,0,0
EVT_00645,0,0,1,1,0,0,0,0,0,0,0
EVT_00646,0,0,0,0,0,0,0,1,0,0,0
EVT_00647,0,0,0,0,0,0,0,0,0,1,0
EVT_00648,0,0,1,0,0,0,0,0,0,0,0
EVT_00649,0,0,0,0,0,0,0,0,0,1,0
EVT_00650,0,0,0,0,1,0,0,0,0,0,0
EVT_00651,0,0,1,0,0,0,0,0,0,0,0
EVT_00652,0,0,1,1,0,0,0,1,0,0,0
EVT_00653,0,0,0,1,0,0,0,0,0,0,0
EVT_00654,0,0,0,0,0,0,0,0,0,1,0
EVT_00655,0,0,1,0,0,0,0,0,0,0,0
EVT_00657,0,0,0,0,0,0,0,1,0,0,0
EVT_00658,0,0,1,0,0,0,0,0,0,0,0
EVT_00659,0,0,0,0,0,0,0,1,0,0,0
EVT_00660,0,0,1,0,0,0,0,0,0,0,0
EVT_00661,0,0,0,0,0,0,0,1,0,0,0
EVT_00662,0,0,0,0,0,0,0,0,0,1,0
EVT_00663,1,0,0,0,0,0,0,1,0,0,0
EVT_00664,0,0,0,0,0,0,0,1,0,0,0
EVT_00665,0,0,1,0,0,0,0,0,0,0,0
EVT_00666,0,0,0,0,0,0,0,1,0,0,0
EVT_00667,0,0,1,1,0,0,0,0,0,0,0
EVT_00668,0,0,0,0,0,0,0,0,0,1,0
EVT_00669,0,0,0,0,1,0,0,0,0,0,0
EVT_00670,0,0,1,0,0,0,0,0,0,0,0
EVT_00671,0,0,0,0,0,0,0,0,0,1,0
EVT_00672,0,0,1,0,0,0,0,0,0,0,0
EVT_00673,0,0,0,0,0,0,0,1,0,0,0
EVT_00674,0,0,1,0,0,0,0,0,0,0,0
EVT_00675,0,0,0,0,0,0,0,1,0,0,0
EVT_00676,0,0,0,1,0,0,0,0,0,0,0
EVT_00677,0,0,1,0,0,0,0,0,0,0,0
EVT_00678,0,0,0,0,0,0,0,1,0,0,0
EVT_00679,0,0,0,0,0,0,0,1,0,0,0
EVT_00680,0,0,1,0,0,0,0,0,0,0,0
EVT_00682,0,0,0,0,0,0,0,1,0,0,0
EVT_00683,0,0,0,0,0,0,0,1,0,0,0
EVT_00684,0,0,1,0,0,0,0,0,0,0,0
EVT_00685,1,0,0,0,0,0,0,0,0,1,0
EVT_00686,0,0,1,0,0,0,0,0,0,0,0
EVT_00687,0,0,0,0,0,0,0,1,0,0,0
EVT_00689,0,0,0,1,0,0,0,0,0,0,0
EVT_00690,0,0,1,0,0,0,0,0,0,0,0
EVT_00692,0,0,1,0,0,0,0,0,0,0,0
EVT_00693,0,0,0,0,0,0,0,1,0,0,0
EVT_00694,0,0,1,0,0,0,0,0,0,0,0
EVT_00695,0,0,0,0,0,0,0,1,0,1,1
EVT_00696,0,0,0,0,0,0,0,0,0,1,0
EVT_00697,0,0,0,0,0,0,0,1,0,0,0
EVT_00699,0,0,0,1,0,0,0,0,0,0,0
EVT_00700,0,0,0,1,0,0,0,0,0,0,0
EVT_00701,0,0,0,0,0,0,0,1,0,0,0
EVT_00702,0,0,0,1,0,0,0,0,0,0,0
EVT_00703,0,0,0,0,0,0,0,0,0,1,0
EVT_00704,0,0,0,0,0,0,0,1,0,0,0
EVT_00705,0,0,0,0,0,0,0,1,0,0,0
EVT_00706,0,0,1,0,0,0,0,0,0,0,0
EVT_00707,0,0,0,0,0,0,0,1,0,0,0
EVT_00708,0,0,1,0,0,0,0,0,0,0,0
EVT_00709,1,0,0,0,0,0,0,0,0,0,0
EVT_00710,0,0,0,0,0,0,0,0,0,1,0
EVT_00711,0,0,0,0,0,0,0,1,0,0,0
EVT_00712,0,0,0,0,0,0,0,0,0,1,0
EVT_00713,0,0,0,0,0,0,0,0,0,1,0
EVT_00714,0,0,0,0,0,0,0,0,0,1,0
EVT_00715,0,0,0,0,0,0,0,1,0,0,0
EVT_00716,0,0,0,0,0,0,0,1,0,1,0
EVT_00717,0,0,1,0,0,0,0,0,0,0,0
EVT_00718,0,0,1,0,0,0,0,0,0,0,0
EVT_00719,0,0,0,0,0,0,0,0,0,1,0
EVT_00720,0,0,0,0,0,0,0,1,0,0,0
EVT_00721,0,0,0,0,0,0,0,1,0,0,0
EVT_00722,0,0,0,0,0,0,0,0,0,1,0
EVT_00724,0,0,1,0,0,0,0,0,0,0,0
EVT_00725,0,0,0,0,0,0,0,1,0,0,0
EVT_00726,0,0,0,0,0,0,0,1,0,0,0
EVT_00727,0,0,1,0,0,0,0,0,0,0,0
EVT_00728,0,0,1,0,0,0,0,0,0,0,0
EVT_00729,0,0,0,0,1,0,0,0,0,0,0
EVT_00730,0,0,0,1,0,0,0,0,0,0,0
EVT_00731,0,0,1,0,0,0,0,0,0,0,0
EVT_00732,0,0,0,0,0,0,0,0,0,1,0
EVT_00733,0,0,0,0,0,0,0,1,0,0,0
EVT_00734,0,0,0,0,1,0,0,0,0,0,0
EVT_00735,0,0,1,0,0,0,0,0,0,0,0
EVT_00736,0,0,0,0,0,0,0,1,0,0,0
EVT_00737,0,0,0,0,0,0,0,0,0,1,0
EVT_00738,0,0,0,1,0,0,0,0,0,0,0
EVT_00739,0,0,1,0,0,0,0,0,0,0,0
EVT_00740,0,0,0,1,0,0,0,0,0,0,0
EVT_00741,0,0,1,0,0,0,0,0,0,0,0
EVT_00742,0,0,0,0,0,0,0,0,0,1,0
EVT_00743,0,0,1,0,0,0,0,0,0,0,0
EVT_00744,0,0,0,0,0,0,0,0,0,1,0
EVT_00746,0,0,0,0,0,0,0,1,0,0,0
EVT_00747,0,0,1,0,0,0,0,0,0,0,0
EVT_00748,0,0,0,0,0,0,0,1,0,0,0
EVT_00749,0,0,0,0,0,0,0,0,0,1,0
EVT_00751,0,0,0,0,0,0,0,1,0,0,0
EVT_00752,0,0,1,0,0,0,0,0,0,0,0
EVT_00758,0,0,1,0,0,0,0,0,0,0,0
EVT_00760,0,0,0,0,0,0,0,0,0,0,1
EVT_00763,0,0,0,0,0,0,0,0,0,1,0
EVT_00765,0,0,0,0,0,0,0,0,0,0,1
EVT_00767,0,0,0,0,0,0,0,0,0,1,0
EVT_00769,0,0,0,0,0,0,0,0,0,1,0
EVT_00770,0,0,1,0,0,0,0,0,0,0,0
EVT_00771,0,0,0,0,0,0,0,0,0,0,1
EVT_00772,0,0,0,0,0,0,0,0,0,1,0
EVT_00773,0,0,0,0,0,0,0,0,0,0,1
EVT_00774,0,0,1,0,0,0,0,0,0,0,0
EVT_00775,0,0,1,0,0,0,0,0,0,0,0
EVT_00776,0,0,0,0,0,0,0,0,0,1,0
EVT_00779,0,0,0,0,0,0,0,0,0,0,1
EVT_00781,0,0,1,0,0,0,0,0,0,0,0
EVT_00785,0,0,0,0,0,0,0,0,0,1,0
EVT_00786,0,0,0,0,0,0,0,0,0,1,0
EVT_00788,0,0,0,0,0,0,0,0,0,0,1
EVT_00792,0,0,0,0,0,0,1,0,0,0,0
EVT_00793,0,0,0,0,0,0,1,0,0,0,0
EVT_00794,0,0,0,0,0,0,1,0,0,0,0
EVT_00795,0,0,0,0,0,0,1,0,0,0,0
EVT_00796,0,0,0,0,0,0,1,0,0,0,0
EVT_00797,0,0,0,0,0,0,1,0,0,0,0
EVT_00798,0,0,0,0,0,0,1,0,0,0,0
EVT_00799,0,0,0,0,0,0,1,0,0,0,0
EVT_00800,0,0,0,0,0,0,0,0,0,1,0
EVT_00803,0,0,0,0,0,0,0,0,0,1,0
EVT_00804,0,0,1,0,0,0,0,0,0,0,0
EVT_00805,0,0,1,0,0,0,0,0,0,0,0
EVT_00806,0,0,1,0,0,0,0,0,0,0,0
EVT_00807,0,0,1,0,0,0,0,0,0,0,0
EVT_00808,0,0,0,0,0,0,0,0,0,1,0
EVT_00809,0,0,1,0,0,0,0,1,0,0,0
EVT_00810,0,0,1,0,0,0,0,0,0,0,0
EVT_00811,0,0,0,0,0,0,0,0,0,1,0
EVT_00812,0,0,0,0,0,0,0,0,0,1,0
EVT_00813,0,0,1,0,0,0,0,0,0,0,0
EVT_00816,0,0,0,0,0,0,0,0,0,1,0
EVT_00817,0,0,1,0,0,0,0,0,0,0,0
EVT_00818,0,0,1,0,0,0,0,0,0,0,0
EVT_00819,0,0,1,0,0,0,0,0,0,0,0
EVT_00820,0,0,1,0,0,0,0,0,0,0,0
EVT_00821,0,0,1,0,0,0,0,0,0,1,0
EVT_00822,0,0,1,0,0,0,0,0,0,1,0
EVT_00823,0,0,1,0,0,0,0,0,0,1,0
EVT_00824,0,0,0,0,0,0,0,0,0,1,0
EVT_00825,0,0,1,0,0,0,0,0,0,0,0
EVT_00826,0,0,1,0,0,0,0,0,0,0,0
EVT_00827,0,0,0,0,0,0,0,1,0,1,0
EVT_00828,0,0,1,0,0,0,0,0,0,0,0
EVT_00829,0,0,0,0,0,0,0,0,0,1,0
EVT_00830,0,0,1,0,0,0,0,0,0,0,0
EVT_00831,0,0,0,0,0,0,0,0,0,1,0
EVT_00832,0,0,0,1,0,0,0,0,0,0,0
EVT_00833,0,0,1,0,0,0,0,0,0,0,0
EVT_00834,0,0,0,0,0,0,0,1,0,0,0
EVT_00835,0,0,1,1,0,0,0,1,0,0,0
EVT_00837,0,0,1,0,0,0,0,0,0,0,0
EVT_00838,0,0,1,0,0,0,0,0,0,0,0
EVT_00839,0,0,1,0,0,0,0,0,0,0,0
EVT_00840,0,0,0,0,0,0,0,0,0,1,0
EVT_00841,0,0,0,0,0,0,0,0,0,1,0
EVT_00842,0,0,0,0,0,0,0,1,0,0,0
EVT_00843,0,0,1,0,0,0,0,0,0,0,0
EVT_00845,0,0,1,0,0,0,0,0,0,0,0
EVT_00846,0,0,1,0,0,0,0,0,0,0,0
EVT_00847,0,0,1,0,0,0,0,0,0,0,0
EVT_00848,0,0,1,0,0,0,0,0,0,0,0
EVT_00849,0,0,0,0,0,0,0,1,0,0,0
EVT_00850,0,0,0,0,0,0,0,0,0,1,0
EVT_00851,0,0,0,0,0,0,0,1,0,0,0
EVT_00852,0,0,0,1,0,0,0,0,0,0,0
EVT_00853,0,0,0,0,0,0,0,0,0,1,0
EVT_00854,0,0,1,0,0,0,0,0,0,0,0
EVT_00855,0,0,0,0,0,0,0,1,0,1,0
EVT_00856,0,0,0,1,0,0,0,0,0,0,0
EVT_00857,0,0,0,0,0,0,0,1,0,0,0
EVT_00858,0,0,1,0,0,0,0,0,0,0,0
EVT_00859,0,0,0,0,0,0,0,1,0,0,0
EVT_00860,0,0,1,0,0,0,0,0,0,0,0
EVT_00861,0,0,1,0,0,0,0,0,0,0,0
EVT_00862,0,0,0,0,0,0,0,1,0,0,0
EVT_00863,0,0,1,0,0,0,0,0,0,0,0
EVT_00864,0,0,1,0,0,0,0,0,0,0,0
EVT_00865,0,0,1,0,0,0,0,0,0,0,0
EVT_00866,0,0,1,0,0,0,0,0,0,0,0
EVT_00867,0,0,1,0,0,0,0,0,0,0,0
EVT_00868,0,0,1,0,0,0,0,0,0,0,0
EVT_00869,0,0,0,0,0,0,0,0,0,1,0
EVT_00870,0,0,1,0,0,0,0,0,0,0,0
EVT_00871,0,0,0,1,0,0,0,0,0,0,0
EVT_00872,0,0,1,0,0,0,0,0,0,0,0
EVT_00874,0,0,0,0,0,0,0,1,0,0,0
EVT_00875,0,0,0,0,0,0,0,0,0,1,0
EVT_00876,0,0,1,0,0,0,0,0,0,0,0
EVT_00877,0,0,0,0,0,0,0,1,0,0,0
EVT_00878,0,0,0,0,0,0,0,1,0,0,0
EVT_00879,0,0,0,1,0,0,0,0,0,0,0
EVT_00880,0,0,1,0,0,0,0,0,0,0,0
EVT_00881,0,0,0,0,0,0,0,0,0,1,0
EVT_00882,0,0,1,0,0,0,0,0,0,0,0
EVT_00884,0,0,1,0,0,0,0,0,0,0,0
EVT_00885,0,0,0,0,0,0,0,1,0,0,0
EVT_00886,0,0,0,0,0,0,0,0,0,1,0
EVT_00887,0,0,1,0,0,0,0,0,0,0,0
EVT_00888,0,0,0,1,0,0,0,0,0,0,0
EVT_00889,0,0,1,0,0,0,0,0,0,0,0
EVT_00890,0,0,0,0,0,0,0,1,0,0,0
EVT_00891,0,0,0,0,0,0,0,0,0,1,0
EVT_00892,0,0,0,0,0,0,0,0,0,1,0
EVT_00893,0,0,0,0,0,0,0,1,0,0,0
EVT_00894,0,0,1,0,0,0,0,0,0,0,0
EVT_00895,0,0,1,0,0,0,0,0,0,0,0
EVT_00896,0,0,1,0,0,0,0,0,0,0,0
EVT_00897,0,0,1,0,0,0,0,0,0,0,0
EVT_00898,0,0,1,0,0,0,0,0,0,0,0
EVT_00899,0,0,1,0,0,0,0,0,0,0,0
EVT_00900,0,0,0,1,0,0,0,0,0,0,0
EVT_00901,0,0,1,0,0,0,0,0,0,0,0
EVT_00903,0,0,1,0,0,0,0,0,0,0,0
EVT_00904,0,0,1,0,0,0,0,0,0,0,0
EVT_00905,0,0,1,0,0,0,0,0,0,0,0
EVT_00906,0,0,0,0,0,0,0,0,0,1,0
EVT_00908,0,0,0,0,0,0,0,0,0,1,0
EVT_00909,0,0,0,0,0,0,0,1,0,0,0
EVT_00910,0,0,0,1,0,0,0,0,0,0,0
EVT_00911,0,0,1,0,0,0,0,0,0,0,0
EVT_00912,0,0,1,0,0,0,0,0,0,0,0
EVT_00913,0,0,1,0,0,0,0,0,0,0,0
EVT_00914,0,0,0,0,0,0,0,1,0,0,0
EVT_00915,0,0,1,0,0,0,0,0,0,0,0
EVT_00916,0,0,0,0,0,0,0,1,0,0,0
EVT_00917,0,0,1,0,0,0,0,0,0,1,0
EVT_00918,0,0,0,0,0,0,0,1,0,0,0
EVT_00920,0,0,1,0,0,0,0,0,0,1,0
EVT_00921,0,0,1,0,0,0,0,0,0,0,0
EVT_00922,0,0,1,1,0,0,0,0,0,0,0
EVT_00923,0,0,0,0,0,0,0,0,0,1,1
EVT_00924,0,0,1,0,0,0,0,0,0,0,0
EVT_00925,0,0,0,0,0,0,0,1,0,0,0
EVT_00926,0,0,1,0,0,0,0,0,0,0,0
EVT_00927,0,0,0,1,0,0,0,0,0,0,0
EVT_00928,0,0,1,0,0,0,0,0,0,0,0
EVT_00929,0,0,0,0,0,0,0,1,0,0,0
EVT_00930,0,0,0,0,0,0,0,1,0,0,0
EVT_00931,0,0,1,0,0,0,0,0,0,0,0
EVT_00932,0,0,0,1,0,0,0,0,0,0,0
EVT_00933,0,0,1,0,0,0,0,0,0,1,0
EVT_00934,0,0,0,0,0,0,0,1,0,0,0
EVT_00935,0,0,0,0,0,0,0,0,0,1,0
EVT_00936,0,0,1,0,0,0,0,0,0,0,0
EVT_00937,0,0,0,0,0,0,0,1,0,0,0
EVT_00938,0,0,0,0,0,0,0,0,0,1,0
EVT_00939,0,0,1,0,0,0,0,0,0,0,0
EVT_00940,0,0,0,0,0,0,0,0,0,1,0
EVT_00941,0,0,1,1,0,0,0,0,0,0,0
EVT_00942,0,0,0,1,0,0,0,0,0,0,0
EVT_00943,0,0,0,0,0,0,0,0,0,1,0
EVT_00944,0,0,0,0,0,0,0,0,0,1,0
EVT_00945,0,0,0,0,0,0,0,0,0,1,0
EVT_00946,0,0,0,0,0,0,0,0,0,1,0
EVT_00947,0,0,1,0,0,0,0,0,0,0,0
EVT_00948,0,0,0,0,0,0,0,0,0,1,0
EVT_00949,0,0,1,0,0,0,0,0,0,0,0
EVT_00950,0,0,0,0,0,0,0,0,0,1,0
EVT_00951,0,0,1,0,0,0,0,0,0,0,0
EVT_00952,0,0,1,0,0,0,0,0,0,0,0
EVT_00953,0,0,1,0,0,0,0,0,0,0,0
EVT_00954,0,0,0,0,0,0,0,0,0,1,0
EVT_00955,0,0,1,0,0,0,0,0,0,0,0
EVT_00956,0,0,0,0,0,0,0,0,0,1,0
EVT_00957,0,0,0,0,0,0,0,1,0,0,0
EVT_00958,0,0,1,0,0,0,0,0,0,0,0
EVT_00959,0,0,0,1,0,0,0,0,0,0,0
EVT_00960,0,0,1,0,0,0,0,0,0,0,0
EVT_00961,0,0,1,0,0,0,0,0,0,0,0
EVT_00962,0,0,1,0,1,0,0,0,0,0,1
EVT_00963,0,0,1,0,0,0,0,0,0,0,0
EVT_00964,0,0,1,0,0,0,0,0,0,0,0
EVT_00965,0,0,1,0,0,0,0,0,0,0,0
EVT_00966,0,0,0,0,0,0,0,1,0,0,0
EVT_00967,0,0,1,0,0,0,0,0,0,0,0
EVT_00968,0,0,1,0,0,0,0,0,0,0,0
EVT_00969,0,0,0,0,0,0,0,0,0,1,0
EVT_00970,0,0,1,0,0,0,0,0,0,0,0
EVT_00971,0,0,0,0,0,0,0,0,0,1,0
EVT_00972,0,0,1,0,0,0,0,0,0,0,0
EVT_00973,0,0,0,0,0,0,0,0,0,1,0
EVT_00974,0,0,1,0,0,0,0,0,0,0,0
EVT_00975,0,0,1,0,0,0,0,0,0,0,0
EVT_00976,0,0,0,0,0,0,0,1,0,0,0
EVT_00977,0,0,0,0,0,0,0,0,0,1,0
EVT_00978,0,0,0,1,0,0,0,0,0,0,0
EVT_00979,0,0,0,0,0,0,0,1,0,0,0
EVT_00980,0,0,0,0,0,0,0,1,0,0,0
EVT_00981,0,0,0,0,0,0,0,1,0,0,0
EVT_00982,0,0,0,0,0,0,0,1,0,0,0
EVT_00983,0,0,0,0,0,0,0,1,0,0,0
EVT_00984,0,0,0,0,0,0,0,1,0,0,0
EVT_00985,0,0,0,0,0,0,0,1,0,0,0
EVT_00986,0,0,0,0,0,0,0,1,0,0,0
EVT_00987,0,0,0,1,0,0,0,0,0,0,0
EVT_00988,0,0,0,0,0,0,0,1,0,0,0
EVT_00989,1,0,0,0,0,0,0,0,0,0,0
EVT_00990,0,0,0,0,0,0,0,1,0,0,0
EVT_00991,0,0,0,0,0,0,0,1,0,0,0
EVT_00993,0,0,0,1,0,0,0,0,0,0,0
EVT_00995,1,0,0,0,0,0,0,0,0,0,0
EVT_00996,0,0,0,0,0,0,0,1,0,0,0
EVT_00997,0,0,0,0,0,0,0,1,0,0,0
EVT_00998,0,0,0,0,0,0,0,0,0,1,0
EVT_00999,0,0,0,0,0,0,0,1,0,0,0
EVT_01000,0,0,0,0,0,0,0,1,0,0,0
EVT_01001,0,0,0,0,0,0,0,1,0,0,0
EVT_01002,0,0,0,0,0,0,0,1,0,0,0
EVT_01004,0,0,0,0,0,0,0,0,0,1,0
EVT_01005,0,0,0,0,0,0,0,0,0,1,0
EVT_01006,0,0,0,1,0,0,0,0,0,0,0
EVT_01007,1,0,0,0,0,0,0,0,0,0,0
EVT_01008,0,0,0,0,0,0,0,1,0,0,0
EVT_01010,0,0,0,0,0,0,0,1,0,0,0
EVT_01011,0,0,0,0,0,0,0,0,0,0,1
EVT_01012,0,0,1,0,0,0,0,0,0,0,0
EVT_01016,0,0,0,0,0,0,0,0,0,1,0
EVT_01017,1,0,0,0,0,0,0,0,0,0,0
EVT_01019,0,0,0,0,0,0,0,0,0,1,0
EVT_01020,0,0,0,1,0,0,0,0,0,0,0
EVT_01021,0,0,0,0,0,0,0,0,0,1,0
EVT_01022,0,0,0,0,0,0,0,0,0,1,0
EVT_01023,1,0,0,0,0,0,0,0,0,0,0
EVT_01024,0,0,0,0,0,0,0,1,0,0,0
EVT_01025,0,0,0,0,0,0,0,0,0,0,1
EVT_01026,0,0,0,0,1,0,0,0,0,0,0
EVT_01027,0,0,0,0,0,0,0,0,0,0,1
EVT_01028,0,0,0,0,0,0,0,0,0,0,1
EVT_01029,0,0,0,0,1,0,0,0,0,0,0
EVT_01030,0,0,0,0,1,0,0,0,0,0,0
EVT_01031,0,0,0,0,0,0,0,1,0,0,0
EVT_01032,0,0,0,0,0,0,0,0,0,0,1
EVT_01033,0,0,0,0,1,0,0,0,0,0,0
EVT_01034,0,0,0,0,1,0,0,0,0,0,0
EVT_01036,0,0,0,0,1,0,0,0,0,0,0
EVT_01039,0,0,1,0,0,0,0,0,0,0,0
EVT_01040,0,0,1,0,0,0,0,0,0,0,0
EVT_01041,0,0,1,0,0,0,0,0,0,0,0
EVT_01042,0,0,0,0,1,0,0,0,0,0,0
EVT_01044,0,0,1,0,0,0,0,0,0,0,0
EVT_01045,0,0,1,0,0,0,0,0,0,0,0
EVT_01046,0,0,1,0,0,0,0,0,0,0,0
EVT_01047,0,0,1,0,0,0,0,0,0,0,0
EVT_01048,0,0,0,1,0,0,0,0,0,0,0
EVT_01050,0,0,1,0,0,0,0,0,0,0,0
EVT_01051,0,0,1,0,0,0,0,0,0,0,0
EVT_01054,0,0,0,0,0,0,0,1,0,0,0
EVT_01055,0,0,0,0,0,0,0,1,0,0,0
EVT_01056,0,0,1,0,0,0,0,0,0,0,0
EVT_01057,0,0,1,0,0,0,0,0,0,0,0
EVT_01058,0,0,1,0,0,0,0,0,0,0,0
EVT_01059,0,0,1,0,0,0,0,0,0,0,0
EVT_01060,0,0,1,0,0,0,0,0,0,0,0
EVT_01061,0,0,1,0,0,0,0,0,0,0,0
EVT_01062,0,0,1,0,0,0,0,0,0,0,0
EVT_01063,0,0,1,0,0,0,0,0,0,0,0
EVT_01064,0,0,1,0,0,0,0,0,0,0,0
EVT_01065,0,0,1,0,0,0,0,0,0,0,0
EVT_01066,0,0,1,1,0,0,0,0,0,0,0
EVT_01067,0,0,0,0,0,0,0,0,0,0,1
EVT_01068,0,0,0,0,0,0,0,0,0,1,0
EVT_01069,0,0,0,0,0,0,0,1,0,0,0
EVT_01070,0,0,1,1,0,0,0,0,0,0,0
EVT_01071,0,0,1,0,0,0,0,0,0,0,0
EVT_01072,0,0,1,0,0,0,0,0,0,0,0
EVT_01073,0,0,1,0,0,0,0,0,0,0,0
EVT_01074,0,0,1,0,0,0,0,0,0,1,1
EVT_01076,0,0,1,0,0,0,0,0,0,0,0
EVT_01077,0,0,1,0,0,0,0,0,0,0,0
EVT_01078,0,0,0,0,1,0,0,0,0,0,0
EVT_01079,0,0,0,0,0,0,0,1,0,0,0
EVT_01080,0,0,1,0,0,0,0,0,0,0,0
EVT_01081,0,0,0,0,0,0,0,0,0,1,0
EVT_01082,0,0,1,0,1,0,0,0,0,0,0
EVT_01083,0,0,0,0,1,0,0,0,0,0,0
EVT_01084,0,0,1,0,0,0,0,0,0,0,0
EVT_01085,0,0,0,0,0,0,0,1,0,0,0
EVT_01086,0,0,1,0,0,0,0,0,0,0,0
EVT_01087,0,0,0,1,0,0,0,0,0,0,0
EVT_01088,0,0,1,0,0,0,0,0,0,0,0
EVT_01089,0,0,1,0,0,0,0,0,0,0,0
EVT_01091,0,0,1,0,0,0,0,0,0,0,0
EVT_01092,0,0,1,0,0,0,0,0,0,0,0
EVT_01093,0,0,1,0,0,0,0,0,0,0,0
EVT_01094,0,0,0,1,0,0,0,0,0,0,0
EVT_01095,0,0,1,0,0,0,0,0,0,0,0
EVT_01096,0,0,1,0,0,0,0,0,0,0,0
EVT_01097,0,0,1,0,0,0,0,0,0,0,0
EVT_01098,0,0,1,0,0,0,0,0,0,0,0
EVT_01099,0,0,1,0,0,0,0,0,0,0,0
EVT_01100,0,0,0,1,0,0,0,0,0,0,0
EVT_01101,0,0,1,0,0,0,0,0,0,0,0
EVT_01102,0,0,0,0,0,0,0,1,0,0,0
EVT_01103,0,0,0,0,0,0,0,1,0,0,0
EVT_01104,0,0,1,0,0,0,0,0,0,0,0
EVT_01105,0,0,1,0,0,0,0,0,0,0,0
EVT_01106,0,0,1,0,0,0,0,0,0,0,0
EVT_01108,0,0,0,0,0,0,0,0,0,1,0
EVT_01109,0,0,1,0,0,0,0,0,0,0,0
EVT_01110,0,0,0,0,0,0,0,1,0,0,0
EVT_01111,0,0,1,0,0,0,0,0,0,0,0
EVT_01112,0,0,1,0,0,0,0,0,0,0,0
EVT_01113,0,0,1,0,0,0,0,0,0,0,0
EVT_01114,0,0,1,0,0,0,0,0,0,0,0
EVT_01115,0,0,1,0,0,0,0,0,0,0,0
EVT_01116,0,0,1,0,0,0,0,0,0,0,0
EVT_01117,0,0,0,0,0,0,0,1,0,0,0
EVT_01118,0,0,1,0,0,0,0,0,0,0,0
EVT_01119,0,0,0,0,0,0,0,1,0,0,0
EVT_01120,0,0,1,0,0,0,0,0,0,0,0
EVT_01121,0,0,1,0,0,0,0,0,0,0,0
EVT_01122,0,0,1,0,0,0,0,0,0,0,0
EVT_01123,0,0,0,0,1,0,0,0,0,0,0
EVT_01124,0,0,1,0,1,0,0,1,0,1,0
EVT_01125,0,0,1,0,0,0,0,0,0,0,0
EVT_01126,0,0,0,0,0,0,0,1,0,0,0
EVT_01127,0,0,0,0,0,0,0,1,0,0,0
EVT_01128,0,0,0,0,0,0,0,1,0,0,0
EVT_01130,0,0,0,1,0,0,0,0,0,0,0
EVT_01132,0,0,0,1,0,0,0,0,0,0,0
EVT_01133,0,0,0,0,0,0,0,1,0,0,0
EVT_01134,0,0,0,0,0,0,0,0,0,1,0
EVT_01135,0,0,1,0,0,0,0,0,0,0,0
EVT_01136,0,0,1,0,0,0,0,0,0,0,0
EVT_01137,0,0,1,0,0,0,0,0,0,0,0
EVT_01138,0,0,1,0,0,0,0,0,0,0,0
EVT_01139,0,0,0,0,0,0,0,1,0,0,0
EVT_01140,0,0,1,0,0,0,0,0,0,0,0
EVT_01141,0,0,1,0,0,0,0,0,0,0,0
EVT_01142,0,0,0,0,0,0,0,0,0,1,0
EVT_01143,0,0,0,0,0,0,0,1,0,0,0
EVT_01144,0,0,1,0,0,0,0,0,0,0,0
EVT_01145,0,0,1,0,0,0,0,0,0,0,0
EVT_01146,0,0,1,0,0,0,0,0,0,0,0
EVT_01147,0,0,1,0,0,0,0,0,0,0,0
EVT_01148,0,0,0,0,0,0,0,1,0,0,0
EVT_01149,0,0,0,1,0,0,0,0,0,0,0
EVT_01150,0,0,0,0,0,0,0,0,0,1,0
EVT_01151,0,0,0,1,0,0,0,0,0,0,0
EVT_01152,0,0,0,0,0,0,0,1,0,0,0
EVT_01153,0,0,0,0,0,0,0,1,0,0,0
EVT_01154,0,0,0,1,0,0,0,0,0,0,0
EVT_01155,0,0,0,0,1,0,0,0,0,0,0
EVT_01156,0,0,1,0,0,0,0,0,0,0,0
EVT_01158,0,0,0,0,0,0,0,1,0,0,0
EVT_01160,0,0,1,0,0,0,0,0,0,0,0
EVT_01161,0,0,0,1,0,0,0,0,0,0,0
EVT_01162,0,0,0,1,0,0,0,0,0,0,0
EVT_01163,0,0,0,1,0,0,0,0,0,0,0
EVT_01164,0,0,0,0,0,0,0,1,0,0,0
EVT_01165,0,0,0,1,0,0,0,0,0,0,0
EVT_01166,0,0,0,0,0,0,0,0,0,1,0
EVT_01167,0,0,0,0,0,0,0,1,0,0,0
EVT_01168,0,0,0,1,0,0,0,0,0,0,0
EVT_01170,0,0,0,1,0,0,0,0,0,0,0
EVT_01171,0,0,0,0,0,0,0,1,0,0,0
EVT_01172,0,0,1,0,0,0,0,0,0,0,0
EVT_01173,0,0,0,0,0,0,0,1,0,0,0
EVT_01174,0,0,0,1,0,0,0,0,0,0,0
EVT_01175,0,0,1,0,0,0,0,0,0,0,0
EVT_01176,0,0,0,0,0,0,0,0,0,1,0
EVT_01177,0,0,0,0,0,0,0,1,0,0,0
EVT_01178,0,0,0,0,0,0,0,0,0,1,0
EVT_01179,0,0,0,0,0,0,0,1,0,0,0
EVT_01180,0,0,0,1,0,0,0,0,0,0,0
EVT_01182,0,0,0,0,0,0,0,1,0,0,0
EVT_01183,0,0,0,0,0,0,0,1,0,1,0
EVT_01184,0,0,1,0,0,0,0,0,0,0,0
EVT_01185,0,0,0,0,0,0,0,1,0,0,0
EVT_01186,0,0,0,0,0,0,0,0,0,1,0
EVT_01187,0,0,0,1,0,0,0,0,0,0,0
EVT_01188,0,0,0,1,0,0,0,0,0,0,0
EVT_01189,0,0,0,1,0,0,0,0,0,0,0
EVT_01190,0,0,0,0,0,0,0,1,0,0,0
EVT_01191,0,0,1,0,0,0,0,0,0,0,0
EVT_01192,0,0,0,0,0,0,0,0,0,1,0
EVT_01193,0,0,0,0,0,0,0,1,0,0,0
EVT_01194,0,0,0,1,0,0,0,0,0,0,0
EVT_01195,0,0,0,0,0,0,0,1,0,0,0
EVT_01196,0,0,1,0,0,0,0,0,0,0,0
EVT_01198,0,0,0,1,0,0,0,0,0,0,0
EVT_01199,0,0,0,0,0,0,0,1,0,0,0
EVT_01200,0,0,0,0,0,0,0,1,0,0,0
EVT_01201,0,0,0,0,0,0,0,0,0,1,0
EVT_01202,0,0,0,0,0,0,0,0,0,1,0
EVT_01203,0,0,1,0,0,0,0,0,0,0,0
EVT_01204,0,0,0,0,0,0,0,1,0,0,0
EVT_01206,0,0,0,0,0,0,0,1,0,0,0
EVT_01207,0,0,0,0,0,0,0,1,0,0,0
EVT_01208,0,0,0,1,0,0,0,0,0,0,0
EVT_01209,0,0,0,1,0,0,0,0,0,0,0
EVT_01210,0,0,1,0,0,0,0,0,0,0,0
